{
  "output": {
    "SCF": {
      "iter": {
        "1": {
          "data": {
            "energy": -112.69223372536919,
            "e_diff": -112.69223372536919,
            "rmsd": 0.041133124010244174
          },
          "profile": {
            "total_time": 1.231890875
          }
        },
        "2": {
          "data": {
            "energy": -112.72787062044642,
            "e_diff": -0.03563689507723211,
            "rmsd": 0.009690848805234412
          },
          "profile": {
            "total_time": 1.342765031
          }
        },
        "3": {
          "data": {
            "energy": -112.73818893471056,
            "e_diff": -0.010318314264139872,
            "rmsd": 0.0028580018806392384
          },
          "profile": {
            "total_time": 0.480865709
          }
        },
        "4": {
          "data": {
            "energy": -112.74789460821822,
            "e_diff": -0.0097056735076535,
            "rmsd": 0.001496178521878504
          },
          "profile": {
            "total_time": 1.41412209
          }
        },
        "5": {
          "data": {
            "energy": -112.74924955045572,
            "e_diff": -0.0013549422374978803,
            "rmsd": 0.0005227935718754786
          },
          "profile": {
            "total_time": 1.239991406
          }
        },
        "6": {
          "data": {
            "energy": -112.74933848583109,
            "e_diff": -8.893537537346674e-05,
            "rmsd": 0.00016194867166488831
          },
          "profile": {
            "total_time": 1.42588839
          }
        },
        "7": {
          "data": {
            "energy": -112.74928919499854,
            "e_diff": 4.92908325497865e-05,
            "rmsd": 4.803140973512044e-05
          },
          "profile": {
            "total_time": 1.311814848
          }
        },
        "8": {
          "data": {
            "energy": -112.74931222156044,
            "e_diff": -2.3026561905226117e-05,
            "rmsd": 1.436676939764942e-05
          },
          "profile": {
            "total_time": 2.196689353
          }
        },
        "9": {
          "data": {
            "energy": -112.7493113637961,
            "e_diff": 8.577643484386499e-07,
            "rmsd": 4.321903354793743e-06
          },
          "profile": {
            "total_time": 2.127820446
          }
        },
        "10": {
          "data": {
            "energy": -112.74931135573641,
            "e_diff": 8.059686251726816e-09,
            "rmsd": 1.297389257415837e-06
          },
          "profile": {
            "total_time": 1.919051765
          }
        },
        "11": {
          "data": {
            "energy": -112.74931134765589,
            "e_diff": 8.080519364739303e-09,
            "rmsd": 3.894508441310327e-07
          },
          "profile": {
            "total_time": 3.568346559
          }
        },
        "12": {
          "data": {
            "energy": -112.74931134138603,
            "e_diff": 6.2698575220565544e-09,
            "rmsd": 1.1678518484476945e-07
          },
          "profile": {
            "total_time": 0.67483713
          }
        },
        "13": {
          "data": {
            "energy": -112.74931133708819,
            "e_diff": 4.297845634937403e-09,
            "rmsd": 3.50824350652207e-08
          },
          "profile": {
            "total_time": 3.320740874
          }
        },
        "14": {
          "data": {
            "energy": -112.7493113383666,
            "e_diff": -1.2784084901795723e-09,
            "rmsd": 1.0501927333477045e-08
          },
          "profile": {
            "total_time": 1.514921852
          }
        },
        "15": {
          "data": {
            "energy": -112.7493113366402,
            "e_diff": 1.7263914742216002e-09,
            "rmsd": 3.1703292116226675e-09
          },
          "profile": {
            "total_time": 1.591874284
          }
        },
        "16": {
          "data": {
            "energy": -112.74931133769414,
            "e_diff": -1.0539338290982414e-09,
            "rmsd": 9.37849558955605e-10
          },
          "profile": {
            "total_time": 0.541116103
          }
        },
        "17": {
          "data": {
            "energy": -112.74931133686394,
            "e_diff": 8.301981324621011e-10,
            "rmsd": 2.1572979849485694e-10
          },
          "profile": {
            "total_time": 0.636391277
          }
        },
        "18": {
          "data": {
            "energy": -112.74931133709254,
            "e_diff": -2.2859580894873943e-10,
            "rmsd": 1.1518225356719634e-10
          },
          "profile": {
            "total_time": 1.062815202
          }
        },
        "19": {
          "data": {
            "energy": -112.74931133716106,
            "e_diff": -6.852474143670406e-11,
            "rmsd": 5.3557899776866314e-11
          },
          "profile": {
            "total_time": 0.74771622
          }
        }
      },
      "final_energy": -112.74931133716106,
      "n_iterations": 19
    },
    "CD": {
      "n_cholesky_vectors": 258
    },
    "CCSD": {
      "iter": {
        "1": {
          "data": {
            "residual": 0.47227466480731006,
            "correlation": 0.0
          },
          "profile": {
            "total_time": 0.363180385
          }
        },
        "2": {
          "data": {
            "residual": 0.06652411236770472,
            "correlation": -0.29077828782354864
          },
          "profile": {
            "total_time": 0.295359673
          }
        },
        "3": {
          "data": {
            "residual": 0.028821140644378938,
            "correlation": -0.2844915761785568
          },
          "profile": {
            "total_time": 0.212144761
          }
        },
        "4": {
          "data": {
            "residual": 0.007568433456006643,
            "correlation": -0.29680762840155384
          },
          "profile": {
            "total_time": 0.215410738
          }
        },
        "5": {
          "data": {
            "residual": 0.0050698196426095235,
            "correlation": -0.2961872984589318
          },
          "profile": {
            "total_time": 0.193440284
          }
        },
        "6": {
          "data": {
            "residual": 0.0016426282944840916,
            "correlation": -0.2980167329752472
          },
          "profile": {
            "total_time": 0.224359231
          }
        },
        "7": {
          "data": {
            "residual": 0.0007259134747386698,
            "correlation": -0.2979134453203847
          },
          "profile": {
            "total_time": 0.490709263
          }
        },
        "8": {
          "data": {
            "residual": 0.00032735361490295744,
            "correlation": -0.29800433665667836
          },
          "profile": {
            "total_time": 0.626758561
          }
        },
        "9": {
          "data": {
            "residual": 0.00017614226151884617,
            "correlation": -0.2980069355295814
          },
          "profile": {
            "total_time": 0.599758192
          }
        },
        "10": {
          "data": {
            "residual": 8.751552213402644e-05,
            "correlation": -0.2980243820258426
          },
          "profile": {
            "total_time": 0.204314162
          }
        },
        "11": {
          "data": {
            "residual": 9.256062191036466e-06,
            "correlation": -0.2980359846839212
          },
          "profile": {
            "total_time": 0.314768912
          }
        },
        "12": {
          "data": {
            "residual": 4.151050500223706e-06,
            "correlation": -0.29803790471720676
          },
          "profile": {
            "total_time": 0.495637268
          }
        },
        "13": {
          "data": {
            "residual": 1.2322437190340356e-06,