{
  "output": {
    "SCF": {
      "iter": {
        "1": {
          "data": {
            "energy": -74.85917981541026,
            "e_diff": -74.85917981541026,
            "rmsd": 0.048595800953989014
          },
          "profile": {
            "total_time": 0.009380435
          }
        },
        "2": {
          "data": {
            "energy": -74.9547911390219,
            "e_diff": -0.09561132361164937,
            "rmsd": 0.012110302504104014
          },
          "profile": {
            "total_time": 0.009121041
          }
        },
        "3": {
          "data": {
            "energy": -74.8917486099633,
            "e_diff": 0.06304252905860608,
            "rmsd": 0.006786501730034846
          },
          "profile": {
            "total_time": 0.009483037
          }
        },
        "4": {
          "data": {
            "energy": -74.90135511463531,
            "e_diff": -0.009606504672007077,
            "rmsd": 0.0028484952292120113
          },
          "profile": {
            "total_time": 0.010110537
          }
        },
        "5": {
          "data": {
            "energy": -74.90289154704374,
            "e_diff": -0.0015364324084288228,
            "rmsd": 0.0011252970466220944
          },
          "profile": {
            "total_time": 0.01085484
          }
        },
        "6": {
          "data": {
            "energy": -74.90231842139531,
            "e_diff": 0.0005731256484295955,
            "rmsd": 0.0003685155442150349
          },
          "profile": {
            "total_time": 0.011836581
          }
        },
        "7": {
          "data": {
            "energy": -74.90206289289571,
            "e_diff": 0.00025552849959353807,
            "rmsd": 0.00010896637528558424
          },
          "profile": {
            "total_time": 0.013298573
          }
        },
        "8": {
          "data": {
            "energy": -74.90199629069805,
            "e_diff": 6.660219766274622e-05,
            "rmsd": 3.215034371048441e-05
          },
          "profile": {
            "total_time": 0.014741399
          }
        },
        "9": {
          "data": {
            "energy": -74.90197774065048,
            "e_diff": 1.8550047570897732e-05,
            "rmsd": 9.537252100285135e-06
          },
          "profile": {
            "total_time": 0.015888043
          }
        },
        "10": {
          "data": {
            "energy": -74.90197195266389,
            "e_diff": 5.787986594896211e-06,
            "rmsd": 2.8549336531171277e-06
          },
          "profile": {
            "total_time": 0.01732109
          }
        },
        "11": {
          "data": {
            "energy": -74.90197026832722,
            "e_diff": 1.6843366665852955e-06,
            "rmsd": 8.551628011228888e-07
          },
          "profile": {
            "total_time": 0.021572817
          }
        },
        "12": {
          "data": {
            "energy": -74.90196976062103,
            "e_diff": 5.077061899783075e-07,
            "rmsd": 2.564390697787852e-07
          },
          "profile": {
            "total_time": 0.017726401
          }
        },
        "13": {
          "data": {
            "energy": -74.9019696062046,
            "e_diff": 1.5441642631230934e-07,
            "rmsd": 7.688491295818342e-08
          },
          "profile": {
            "total_time": 0.009264309
          }
        },
        "14": {
          "data": {
            "energy": -74.90196956083486,
            "e_diff": 4.53697452940105e-08,
            "rmsd": 2.304786802359946e-08
          },
          "profile": {
            "total_time": 0.009233251
          }
        },
        "15": {
          "data": {
            "energy": -74.90196954679591,
            "e_diff": 1.4038946005712205e-08,
            "rmsd": 6.9085529530256925e-09
          },
          "profile": {
            "total_time": 0.009090939
          }
        },
        "16": {
          "data": {
            "energy": -74.90196954279888,
            "e_diff": 3.997030262326007e-09,
            "rmsd": 2.069837424696044e-09
          },
          "profile": {
            "total_time": 0.009309384
          }
        },
        "17": {
          "data": {
            "energy": -74.9019695407615,
            "e_diff": 2.037381818809081e-09,
            "rmsd": 3.9150263048905717e-10
          },
          "profile": {
            "total_time": 0.009712622
          }
        },
        "18": {
          "data": {
            "energy": -74.90196954092315,
            "e_diff": -1.616484723854228e-10,
            "rmsd": 2.0964591877962352e-10
          },
          "profile": {
            "total_time": 0.008532378
          }
        },
        "19": {
          "data": {
            "energy": -74.90196954097163,
            "e_diff": -4.8487436288269237e-11,
            "rmsd": 1.200005159977471e-10
          },
          "profile": {
            "total_time": 0.008564309
          }
        },
        "20": {
          "data": {
            "energy": -74.9019695409862,
            "e_diff": -1.4566126083082054e-11,
            "rmsd": 7.017948194892544e-11
          },
          "profile": {
            "total_time": 0.00855566
          }
        },
        "21": {
          "data": {
            "energy": -74.90196954099056,
            "e_diff": -4.362732397567015e-12,
            "rmsd": 4.158783688961204e-11
          },
          "profile": {
            "total_time": 0.008468113
          }
        },
        "22": {
          "data": {
            "energy": -74.90196954099189,
            "e_diff": -1.3216094885137863e-12,
            "rmsd": 2.4885994690697936e-11
          },
          "profile": {
            "total_time": 0.008687326
          }
        },
        "23": {
          "data": {
            "energy": -74.90196954099225,
            "e_diff": -3.694822225952521e-13,
            "rmsd": 1.493899137332704e-11
          },
          "profile": {
            "total_time": 0.008648368
          }
        },
        "24": {
          "data": {
            "energy": -74.90196954099234,
            "e_diff": -8.526512829121202e-14,
            "rmsd": 9.03008390776124e-12
          },
          "profile": {
            "total_time": 0.008988165
          }
        }
      },
      "final_energy": -74.90196954099234,
      "n_iterations": 24
    },
    "CD": {
      "n_cholesky_vectors": 224
    },
    "CCSD": {
      "iter": {
        "1": {
          "data": {
            "residual": 1.3351120681417848e-05,
            "correlation": -0.19556872662380007
          },
          "profile": {
            "total_time": 0.031788068
          }
        },
        "2": {
          "data": {
            "residual": 7.468283354232311e-06,
            "correlation": -0.19556900472805444
          },
          "profile": {
            "total_time": 0.024738808
          }
        },
        "3": {
          "data": {
            "residual": 4.186819558773489e-06,
            "correlation": -0.1955691525427532
          },
          "profile": {
            "total_time": 0.17263102
          }
        },
        "4": {
          "data": {
            "residual": 2.355807174845626e-06,
            "correlation": -0.19556922864178541
          },
          "profile": {
            "total_time": 0.03183786
          }
        },
        "5": {
          "data": {
            "residual": 1.3272052159142149e-06,
            "correlation": -0.19556926900950677
          },
          "profile": {
            "total_time": 0.031906387
          }
        },
        "6": {
          "data": {
            "residual": 4.147877535560093e-09,
            "correlation": -0.19556931590215387
          },
          "profile": {
            "total_time": 0.029720991
          }
        },
        "7": {
          "data": {
            "residual": 1.8381163494612049e-09,
            "correlation": -0.195569316133915
          },